Species,Drug,Year,countries,n_total,n_above_ecoff,n_above_bp,pct_above_ecoff,pct_above_bp,pct_above_ecoff_lo,pct_above_ecoff_hi,pct_above_bp_lo,pct_above_bp_hi
Acinetobacter baumannii,Meropenem,2007,34,1456,675,603,46.35989010989011,41.41483516483517,43.811387625173104,48.92754992455027,38.91054763408812,43.964305077523605
Acinetobacter baumannii,Meropenem,2008,40,1976,1000,915,50.607287449392715,46.30566801619433,48.40383735378391,52.80838092223379,44.11641048509411,48.50926166913154
Acinetobacter baumannii,Meropenem,2009,41,2320,1200,1096,51.724137931034484,47.241379310344826,49.68960026699013,53.75297537414671,45.216136252023105,49.275742722157965
Acinetobacter baumannii,Meropenem,2010,38,1824,1004,940,55.04385964912281,51.53508771929825,52.752746722690134,57.31377185374674,49.24075920270506,53.82296384229747
Acinetobacter baumannii,Meropenem,2011,23,1080,527,502,48.7962962962963,46.48148148148148,45.82472122429538,51.77640394134556,43.524604404924226,49.463299925410766
Acinetobacter baumannii,Meropenem,2012,32,1223,853,820,69.74652493867539,67.04824202780048,67.11353922814092,72.25585088558132,64.36413088658834,69.62559101283642
Acinetobacter baumannii,Meropenem,2013,37,1511,1043,1005,69.02713434811383,66.51224354731966,66.64994356105915,71.30782400939263,64.0933893877704,68.84735151249993
Acinetobacter baumannii,Meropenem,2014,37,1884,1321,1290,70.11677282377919,68.47133757961784,68.01057538334817,72.14110136145175,66.33750491151228,70.52999774598209
Acinetobacter baumannii,Meropenem,2015,38,1611,1139,1112,70.7014276846679,69.02545003103663,68.43180217418,72.87256218658544,66.72451028453284,71.23587255377186
Acinetobacter baumannii,Meropenem,2016,37,1515,1053,1028,69.5049504950495,67.85478547854785,67.13975496617273,71.77148205384398,65.46042419171951,70.15883000088463
Acinetobacter baumannii,Meropenem,2017,30,764,481,471,62.95811518324607,61.64921465968586,59.476932218393785,66.30964100260715,58.151194851266716,65.03067400397656
Acinetobacter baumannii,Meropenem,2018,44,1732,1260,1249,72.74826789838338,72.11316397228637,70.60271887122447,74.79313199958926,69.95406024779615,74.17439377129436
Acinetobacter baumannii,Meropenem,2019,46,3334,2455,2419,73.63527294541092,72.55548890221955,72.11306971136783,75.10307339918069,71.01547412172194,74.04358630864924
Acinetobacter baumannii,Meropenem,2020,45,2987,2176,2162,72.84901238701038,72.38031469702042,71.22551323378192,74.41381666029503,70.74891124106556,73.95422727056877
Acinetobacter baumannii,Meropenem,2021,46,3229,2403,2378,74.4193248683803,73.64509135955404,72.88600451697388,75.8946121661366,72.09808195633619,75.13590769179933
Acinetobacter baumannii,Meropenem,2022,46,2904,2022,2002,69.62809917355372,68.93939393939394,67.93052723461412,71.27381097102996,67.23228275648877,70.59646463492221
Acinetobacter baumannii,Meropenem,2023,43,1831,1315,1310,71.8186783178591,71.54560349535772,69.714004192515,73.83199244708244,69.43550201457712,73.56548840925562
Acinetobacter baumannii,Meropenem,2024,40,1463,1059,1053,72.38550922761449,71.97539302802461,70.03816096465498,74.61560826590689,69.61876079032423,74.21692411845635
Enterobacter cloacae,Meropenem,2007,34,2031,372,42,18.31610044313146,2.06794682422452,16.694238240277194,20.05759102774404,1.533526502239253,2.7833434160492816
Enterobacter cloacae,Meropenem,2008,41,2798,520,100,18.58470335954253,3.5739814152966405,17.186817517761995,20.068732953678715,2.9473086292077766,4.327958791044182
Enterobacter cloacae,Meropenem,2009,43,3067,460,64,14.998369742419301,2.0867297032931202,13.778536556254146,16.30577327247534,1.6375654632607743,2.6557678327969656
Enterobacter cloacae,Meropenem,2010,40,2520,294,29,11.666666666666666,1.1507936507936507,10.471226313976127,12.97879891451987,0.8024504057669208,1.647840542761619
Enterobacter cloacae,Meropenem,2011,26,1721,238,21,13.829169087739686,1.220220801859384,12.278621208454322,15.540831783403291,0.7994770792092194,1.8582430600108093
Enterobacter cloacae,Meropenem,2012,38,1972,354,21,17.95131845841785,1.0649087221095335,16.320264308509913,19.706991605310503,0.6975688196367755,1.62252921333269
Enterobacter cloacae,Meropenem,2013,44,2691,459,48,17.05685618729097,1.7837235228539576,15.682932455818294,18.524699900561835,1.3480189255607888,2.35689137607849
Enterobacter cloacae,Meropenem,2014,42,2477,347,45,14.008881711748081,1.8167137666532096,12.697707002145503,15.431517311625187,1.3605077471887927,2.422138599962432
Enterobacter cloacae,Meropenem,2015,47,2533,387,88,15.278326095538887,3.4741413343861036,13.929889554781413,16.73191850248246,2.8285177801451162,4.2606701624193875
Enterobacter cloacae,Meropenem,2016,45,2779,465,71,16.732637639438646,2.5548758546239654,15.390969323926972,18.166151074028974,2.0304913451885076,3.2102476972181146
Enterobacter cloacae,Meropenem,2017,42,2425,429,65,17.690721649484537,2.6804123711340204,16.223402615164915,19.260241477404012,2.10859065006739,3.4019155352840342
Enterobacter cloacae,Meropenem,2018,48,2274,240,96,10.554089709762533,4.221635883905013,9.357100064525042,11.884126226579223,3.469465071113062,5.128212263379174
Enterobacter cloacae,Meropenem,2019,43,1500,179,82,11.933333333333334,5.466666666666667,10.389237052800027,13.671906939363124,4.42585691503609,6.734991047774742
Enterobacter cloacae,Meropenem,2020,42,1150,107,50,9.304347826086957,4.3478260869565215,7.758224380178862,11.121445539408112,3.3133590484530293,5.686270669032359
Enterobacter cloacae,Meropenem,2021,27,531,58,30,10.922787193973635,5.649717514124294,8.545060250423811,13.861852460670082,3.9858174868245486,7.950702722633821
Enterobacter cloacae,Meropenem,2022,15,251,18,11,7.171314741035856,4.382470119521912,4.584024066576224,11.049797449383036,2.4644514532540502,7.675758440488599
Enterobacter cloacae,Meropenem,2023,3,41,5,2,12.195121951219512,4.878048780487805,5.323336468577717,25.544211520976884,1.3480945365169041,16.138978870370845
Enterobacter cloacae,Meropenem,2024,3,34,11,11,32.35294117647059,32.35294117647059,19.13164356402551,49.157105406091794,19.13164356402551,49.157105406091794
Escherichia coli,Cefepime,2018,53,5702,2247,1277,39.407225534900036,22.395650648895124,38.146432429436075,40.68228181511159,21.3323599929079,23.496110571525886
Escherichia coli,Cefepime,2019,53,5633,2164,1267,38.41647434759453,22.492455174862418,37.154585150603644,39.69415169016916,21.421054933440143,23.601347725222645
Escherichia coli,Cefepime,2020,56,6084,2223,1264,36.53846153846154,20.775805391190005,35.337311884402034,37.75659979053659,19.774961644707105,21.81353036755284
Escherichia coli,Cefepime,2021,59,6805,2743,1506,40.308596620132256,22.13078618662748,39.148943473293286,41.479185291677936,21.160348217973297,23.132671043236588
Escherichia coli,Cefepime,2022,59,6371,2377,1260,37.30968450792654,19.777115052582012,36.1301055874026,38.504557714496435,18.81737124202022,20.773283288352822
Escherichia coli,Cefepime,2023,58,5218,2032,1005,38.94212341893446,19.260252970486775,37.62766849546008,40.2728478434519,18.213053456488755,20.35268000558197
Escherichia coli,Cefepime,2024,55,5441,2029,1084,37.29093916559456,19.922808307296453,36.01540938229978,38.58440200872748,18.882890069036904,21.005166823828006
Escherichia coli,Ceftazidime avibactam,2012,33,3009,57,3,1.8943170488534398,0.09970089730807577,1.4650233797937076,2.4462829544871676,0.03391296595822511,0.2927374388243197
Escherichia coli,Ceftazidime avibactam,2013,39,4496,60,5,1.3345195729537367,0.11120996441281139,1.038230546533033,1.713898833001822,0.04751131087804732,0.26008750004365255
Escherichia coli,Ceftazidime avibactam,2014,38,4464,63,5,1.4112903225806452,0.11200716845878136,1.1046766838540116,1.801457296445422,0.04785195920141722,0.2619499652461803
Escherichia coli,Ceftazidime avibactam,2015,34,3877,78,9,2.0118648439515088,0.2321382512251741,1.6150747801747232,2.5036572143362448,0.1221787852685432,0.4406233557736029
Escherichia coli,Ceftazidime avibactam,2016,33,4619,78,16,1.6886772028577615,0.3463953236631305,1.355236458893623,2.1024088063513227,0.21333667198645537,0.5619756362543171
Escherichia coli,Ceftazidime avibactam,2017,33,4729,68,14,1.4379361387185452,0.296045675618524,1.1359037600907747,1.8188003016746734,0.17643450626309887,0.49634228327736934
Escherichia coli,Ceftazidime avibactam,2018,53,5702,218,59,3.8232199228340935,1.0347246580147316,3.3557866902032045,4.352830206972242,0.8030610102663005,1.3323200671791424
Escherichia coli,Ceftazidime avibactam,2019,53,5633,194,72,3.4439907686845377,1.2781821409550862,2.9986140886137886,3.9528224859864993,1.0162651620595753,1.6065061168691144
Escherichia coli,Ceftazidime avibactam,2020,56,6084,276,128,4.536489151873767,2.10387902695595,4.041639052744974,5.088714662615561,1.7723335335142956,2.495869910650778
Escherichia coli,Ceftazidime avibactam,2021,59,6805,330,135,4.849375459221161,1.9838354151359294,4.363990146412462,5.385707549378401,1.6786021025740605,2.3432489050733407
Escherichia coli,Ceftazidime avibactam,2022,59,6371,297,161,4.661748548108617,2.527075812274368,4.1708353988313265,5.2073030644159,2.1693528259292005,2.9420128594061765
Escherichia coli,Ceftazidime avibactam,2023,58,5218,305,127,5.845151399003449,2.4338827136834036,5.240514873732385,6.514753141611089,2.049451767807952,2.8882978910820234
Escherichia coli,Ceftazidime avibactam,2024,55,5441,311,160,5.715861054953134,2.9406359125160817,5.129696301470271,6.364512732051268,2.5238707394913,3.4238039773926596
Escherichia coli,Ceftriaxone,2004,23,1037,269,130,25.940212150433943,12.53616200578592,23.36475914085141,28.693261245328973,10.658034693149423,14.690826709780733
Escherichia coli,Ceftriaxone,2005,21,1008,302,167,29.96031746031746,16.567460317460316,27.212852215586665,32.8599441224025,14.40007139737621,18.98870269124928
Escherichia coli,Ceftriaxone,2006,43,2398,884,553,36.86405337781485,23.060884070058382,34.9555770729858,38.81454844107166,21.418855140362478,24.789084802752136
Escherichia coli,Ceftriaxone,2007,35,2962,1096,666,37.00202565833896,22.4848075624578,35.28117808129494,38.7565440730722,21.01753170918436,24.02336064356682
Escherichia coli,Ceftriaxone,2008,41,3938,1807,1075,45.88623666835957,27.29812087353987,44.33465601663647,47.44583532517075,25.92935504186462,28.711134214775157
Escherichia coli,Ceftriaxone,2009,45,4661,2187,1331,46.92126153186012,28.556103840377602,45.49168986046471,48.35590383519423,27.27747325452815,29.870052172726947
Escherichia coli,Ceftriaxone,2010,42,3557,1599,990,44.95361259488333,27.83244307000281,43.32517389884492,46.592939441733385,26.38412730583099,29.3285878420576
Escherichia coli,Ceftriaxone,2011,28,2462,1045,621,42.44516653127538,25.223395613322502,40.506065476939376,44.4078064725609,23.547404521561628,26.976584130025334
Escherichia coli,Ceftriaxone,2012,22,2183,970,619,44.434264773247826,28.35547411818598,42.36143738629972,46.52664597155634,26.50403694263143,30.28295389347547
Escherichia coli,Ceftriaxone,2013,28,2932,1146,671,39.08594815825375,22.885402455661666,37.33514608863793,40.86531163440672,21.400866682131976,24.440895473557067
Escherichia coli,Ceftriaxone,2014,25,2597,1017,602,39.16056988833269,23.18059299191375,37.30061778988512,41.05254179657879,21.597953080825473,24.842457760993724
Escherichia coli,Ceftriaxone,2015,38,3020,1350,991,44.70198675496689,32.81456953642384,42.93661050109436,46.480824097980125,31.162706265857842,34.51009721489003
Escherichia coli,Ceftriaxone,2016,50,7809,3105,2296,39.76181329235497,29.401972083493405,38.68162849529367,40.852066019974785,28.401800830291947,30.422398829256913
Escherichia coli,Ceftriaxone,2017,46,7270,2716,1974,37.35900962861073,27.152682255845942,36.25395132001808,38.47741984877291,26.142610244644704,28.186886503300723
Escherichia coli,Colistin,2018,53,5702,42,42,0.7365836548579446,0.7365836548579446,0.54541734509533,0.994083173007911,0.54541734509533,0.994083173007911
Escherichia coli,Colistin,2019,53,5633,25,25,0.4438132433871827,0.4438132433871827,0.30080353733397114,0.6543671768687751,0.30080353733397114,0.6543671768687751
Escherichia coli,Colistin,2020,56,6084,15,15,0.2465483234714004,0.2465483234714004,0.14947279774821853,0.4064132096257272,0.14947279774821853,0.4064132096257272
Escherichia coli,Colistin,2021,59,6805,28,28,0.4114621601763409,0.4114621601763409,0.2848387131977325,0.5940400091606935,0.2848387131977325,0.5940400091606935
Escherichia coli,Colistin,2022,59,6371,23,23,0.36101083032490977,0.36101083032490977,0.24068795763302514,0.5411582912917989,0.24068795763302514,0.5411582912917989
Escherichia coli,Colistin,2023,58,5218,23,23,0.44078190877730933,0.44078190877730933,0.293903139721783,0.6605773670830017,0.293903139721783,0.6605773670830017
Escherichia coli,Colistin,2024,55,5441,22,22,0.4043374379709612,0.4043374379709612,0.26717738837043115,0.6114792113215677,0.26717738837043115,0.6114792113215677
Escherichia coli,Meropenem,2007,35,2885,240,28,8.31889081455806,0.9705372616984402,7.365724320601269,9.382908850088956,0.6723393763936034,1.3991297462187215
Escherichia coli,Meropenem,2008,41,3921,309,39,7.880642693190513,0.9946442234123948,7.077926296037056,8.765808166744025,0.7284690311062427,1.356747905154036
Escherichia coli,Meropenem,2009,45,4661,276,30,5.9214760780948295,0.6436387041407423,5.279488701245489,6.6360600634324625,0.45122972331544153,0.9173368053492587
Escherichia coli,Meropenem,2010,42,3557,164,6,4.610626932808547,0.1686814731515322,3.969041341702477,5.350145222997763,0.07733044664935719,0.3675491977799855
Escherichia coli,Meropenem,2011,28,2462,144,3,5.848903330625507,0.12185215272136475,4.98891188855702,6.846458052877469,0.04144918866701563,0.35766239190478927
Escherichia coli,Meropenem,2012,42,5194,328,22,6.314978821717366,0.4235656526761648,5.685238780749744,7.009289593157248,0.27989026203656786,0.6405198581972373
Escherichia coli,Meropenem,2013,49,7428,353,32,4.752288637587506,0.4308023694130318,4.2914089616823965,5.259944666538487,0.30533365602658963,0.6075149185373167
Escherichia coli,Meropenem,2014,45,7061,316,28,4.47528678657414,0.3965443988103668,4.017274350246867,4.982806720600442,0.27450657428818864,0.5725252971203345
Escherichia coli,Meropenem,2015,48,6760,363,38,5.3698224852071,0.5621301775147929,4.857359539596154,5.932979992518564,0.40983460353049395,0.7705812785800078
Escherichia coli,Meropenem,2016,50,7809,462,47,5.916250480215137,0.6018696375976438,5.414329450643979,6.461522167632003,0.45293887901311036,0.7993770592583769
Escherichia coli,Meropenem,2017,46,7270,399,36,5.488308115543329,0.4951856946354883,4.987894644587616,6.035736587411994,0.3579111766497795,0.6847491459604178
Escherichia coli,Meropenem,2018,53,5702,308,88,5.40161346895826,1.5433181339880744,4.844339101616454,6.018939580311827,1.254437879756772,1.8974453283312505
Escherichia coli,Meropenem,2019,53,5633,212,88,3.763536303923309,1.562222616722883,3.2972289876328063,4.292863122394438,1.269824228030441,1.9206408601666545
Escherichia coli,Meropenem,2020,56,6084,350,139,5.752794214332676,2.284681130834977,5.195137032739606,6.366291818218656,1.938256386092192,2.691323091742814
Escherichia coli,Meropenem,2021,59,6805,357,155,5.2461425422483465,2.2777369581190303,4.741212444428518,5.801571715874516,1.9492673781568195,2.6600550846847835
Escherichia coli,Meropenem,2022,59,6371,292,172,4.583267932820593,2.699733165908021,4.096557225638567,5.124714591361901,2.329355965353245,3.1271163417250025
Escherichia coli,Meropenem,2023,58,5218,289,136,5.538520505940974,2.606362591031046,4.949983176673848,6.19247419988729,2.207689095191981,3.0747665480130584
Escherichia coli,Meropenem,2024,55,5441,319,186,5.8628928505789375,3.4184892482999447,5.269245618131552,6.518819538125754,2.9676000807360228,3.935107035039176
Klebsiella pneumoniae,Cefepime,2018,52,4303,2317,1666,53.84615384615385,38.71717406460609,52.35387278380299,55.33157380541589,37.27244787376041,40.182027539739465
Klebsiella pneumoniae,Cefepime,2019,51,5638,2974,2205,52.74920184462575,39.10961333806314,51.444611325941146,54.050048569461154,37.843639322821744,40.3904176076492
Klebsiella pneumoniae,Cefepime,2020,56,6208,3266,2386,52.60953608247423,38.43427835051546,51.366224290757586,53.84962035286136,37.23173996464481,39.65112142968606
Klebsiella pneumoniae,Cefepime,2021,58,6574,3563,2646,54.19835716458777,40.249467599634926,52.99186542225714,55.39994522650492,39.07004181202933,41.44028200733128
Klebsiella pneumoniae,Cefepime,2022,58,6139,3187,2263,51.91399250692295,36.862681218439484,50.663356138467655,53.16223502443883,35.66444474635456,38.07734867590862
Klebsiella pneumoniae,Cefepime,2023,56,5072,2625,1822,51.754731861198735,35.92271293375394,50.37873953079788,53.12806818658413,34.613455224270275,37.25327836886726
Klebsiella pneumoniae,Cefepime,2024,54,5292,2818,2004,53.25018896447468,37.868480725623584,51.90404021065491,54.5916225216015,36.5708528885134,39.18370830852954
Klebsiella pneumoniae,Ceftazidime avibactam,2012,33,1946,260,20,13.360739979445015,1.027749229188078,11.921046817043118,14.944802016508952,0.6662917501519675,1.5821709965172095
Klebsiella pneumoniae,Ceftazidime avibactam,2013,39,3088,358,25,11.593264248704664,0.8095854922279793,10.511517196770864,12.770448208248956,0.5489757456184408,1.1924285125814802
Klebsiella pneumoniae,Ceftazidime avibactam,2014,38,4249,427,46,10.049423393739703,1.0826076723935043,9.18117920160123,10.98983980126967,0.8126558896603268,1.4409305595103132
Klebsiella pneumoniae,Ceftazidime avibactam,2015,34,3682,405,68,10.999456816947312,1.8468223791417708,10.029192645795023,12.051015304361556,1.4594660527173342,2.3345511447949323
Klebsiella pneumoniae,Ceftazidime avibactam,2016,32,4136,420,73,10.154738878143133,1.764990328820116,9.270862968966272,11.112561546548317,1.4061519680861678,2.2133455491781544
Klebsiella pneumoniae,Ceftazidime avibactam,2017,33,4208,475,79,11.288022813688213,1.8773764258555132,10.36699927938345,12.2796617629761,1.5090293113574929,2.3335051335645955
Klebsiella pneumoniae,Ceftazidime avibactam,2018,52,4303,860,209,19.986056239832674,4.857076458284918,18.8182225595317,21.20743139831608,4.254066188062146,5.540616594066626
Klebsiella pneumoniae,Ceftazidime avibactam,2019,51,5638,1056,321,18.730046115643844,5.693508336289464,17.733057846918456,19.76961702021553,5.118281787899977,6.32907034942317
Klebsiella pneumoniae,Ceftazidime avibactam,2020,56,6208,1283,423,20.66688144329897,6.813788659793815,19.677920122220332,21.692122494877843,6.213301037376196,7.4676897679177126
Klebsiella pneumoniae,Ceftazidime avibactam,2021,58,6574,1588,585,24.155765135381806,8.898691816245817,23.136372912061464,25.20534342037795,8.234207766238741,9.611182186822639
Klebsiella pneumoniae,Ceftazidime avibactam,2022,58,6139,1269,523,20.671119074767876,8.519302818048542,19.676639936050773,21.702280159156732,7.84664103854386,9.243844950040375
Klebsiella pneumoniae,Ceftazidime avibactam,2023,56,5072,1194,560,23.541009463722396,11.041009463722398,22.39372773557247,24.72834016637511,10.20781915072417,11.933169056614442
Klebsiella pneumoniae,Ceftazidime avibactam,2024,54,5292,1293,617,24.43310657596372,11.659108087679517,23.2942307497801,25.609073455202914,10.822113213904046,12.551725834071215
Klebsiella pneumoniae,Ceftriaxone,2004,24,830,268,213,32.28915662650602,25.662650602409638,29.196015835984646,35.545483055686475,22.808089182649347,28.74145351202798
Klebsiella pneumoniae,Ceftriaxone,2005,21,772,279,238,36.13989637305699,30.82901554404145,32.827412252044184,39.58963280696988,27.673149837498386,34.17472557123135
Klebsiella pneumoniae,Ceftriaxone,2006,40,1736,686,574,39.516129032258064,33.064516129032256,37.241952553456834,41.83660094608284,30.89103116617106,35.312786025393024
Klebsiella pneumoniae,Ceftriaxone,2007,37,2345,978,775,41.70575692963752,33.04904051172708,39.7252439879071,43.713399836299374,31.174261025808264,34.97926555579621
Klebsiella pneumoniae,Ceftriaxone,2008,41,3163,1526,1190,48.245336705659184,37.622510275055326,46.50711086125512,49.98781945201243,35.950233614361835,39.324815352201114
Klebsiella pneumoniae,Ceftriaxone,2009,45,3582,1676,1341,46.78950307091011,37.437185929648244,45.15979126081268,48.42609359658304,35.866561191231405,39.03472738118666
Klebsiella pneumoniae,Ceftriaxone,2010,42,2839,1435,1167,50.54596688974991,41.1060232476224,48.70735436092974,52.38310391643266,39.30932899074403,42.926753910288
Klebsiella pneumoniae,Ceftriaxone,2011,28,1751,737,613,42.090234151913194,35.00856653340948,39.79757070096541,44.41752755718994,32.809398486951494,37.27336896984112
Klebsiella pneumoniae,Ceftriaxone,2012,22,1666,735,622,44.11764705882353,37.334933973589436,41.749622289496145,46.5127364533259,35.04392468501538,39.68421505718311
Klebsiella pneumoniae,Ceftriaxone,2013,28,2149,916,765,42.624476500698,35.59795253606328,40.548612584416404,44.72666169548111,33.600913845604964,37.646388297160236
Klebsiella pneumoniae,Ceftriaxone,2014,24,1972,898,755,45.537525354969574,38.28600405679513,43.35032020263012,47.7420825195474,36.16535296506765,40.45220418064836
Klebsiella pneumoniae,Ceftriaxone,2015,38,2414,1145,994,47.43164871582436,41.1764705882353,45.44537046303554,49.426088145318325,39.2287316713127,43.15224709609655
Klebsiella pneumoniae,Ceftriaxone,2016,48,6565,3188,2776,48.56054836252856,42.28484386900229,47.35275906118239,49.770021246656995,41.09469630191693,43.48401508348674
Klebsiella pneumoniae,Ceftriaxone,2017,46,6151,2913,2518,47.358153145829945,40.936433100308896,46.11240996542486,48.60719407028539,39.713635444055726,42.17054455538099
Klebsiella pneumoniae,Colistin,2018,52,4303,176,176,4.090169649082036,4.090169649082036,3.5381809793396495,4.724056259319496,3.5381809793396495,4.724056259319496
Klebsiella pneumoniae,Colistin,2019,51,5638,226,226,4.008513657325293,4.008513657325293,3.5270181350206884,4.552639227701057,3.5270181350206884,4.552639227701057
Klebsiella pneumoniae,Colistin,2020,56,6208,282,282,4.542525773195877,4.542525773195877,4.052039405843378,5.089234765189598,4.052039405843378,5.089234765189598
Klebsiella pneumoniae,Colistin,2021,58,6574,330,330,5.0197748707027685,5.0197748707027685,4.517716594120401,5.574370042149954,4.517716594120401,5.574370042149954
Klebsiella pneumoniae,Colistin,2022,58,6139,290,290,4.723896400065157,4.723896400065157,4.220930346747925,5.283489761349417,4.220930346747925,5.283489761349417
Klebsiella pneumoniae,Colistin,2023,56,5072,241,241,4.7515772870662465,4.7515772870662465,4.19957024012756,5.372073452100232,4.19957024012756,5.372073452100232
Klebsiella pneumoniae,Colistin,2024,54,5292,253,253,4.780801209372638,4.780801209372638,4.238030094843592,5.389173868589035,4.238030094843592,5.389173868589035
Klebsiella pneumoniae,Imipenem,2012,33,1946,292,132,15.00513874614594,6.7831449126413155,13.487455205291521,16.660711773178267,5.748924439264736,7.987651814616459
Klebsiella pneumoniae,Imipenem,2013,39,3088,402,214,13.018134715025907,6.930051813471502,11.8770743096094,14.251091367062301,6.086781770340383,7.880346382000561
Klebsiella pneumoniae,Imipenem,2014,38,4249,641,320,15.085902565309485,7.531183807954813,14.041294830666128,16.193583926776572,6.775499478888467,8.363589646696532
Klebsiella pneumoniae,Imipenem,2015,34,3682,671,330,18.22379141770777,8.962520369364476,17.010197904004208,19.50362055120694,8.082141958837896,9.928438969216833
Klebsiella pneumoniae,Imipenem,2016,32,4136,713,374,17.238878143133462,9.042553191489361,16.118277643336086,18.420278314505097,8.206115650587911,9.955001539510217
Klebsiella pneumoniae,Imipenem,2017,33,4208,835,448,19.84315589353612,10.64638783269962,18.665899597028083,21.075421988456426,9.750118587161905,11.614442914463268
Klebsiella pneumoniae,Imipenem,2018,52,4303,1025,657,23.820590285847082,15.268417383221008,22.571502198295025,25.116379476900896,14.22474154873791,16.37405042958459
Klebsiella pneumoniae,Imipenem,2019,51,5638,1547,974,27.438808087974458,17.27562965590635,26.28974806542021,28.618591373601028,16.31121816421884,18.28460437115394
Klebsiella pneumoniae,Imipenem,2020,56,6208,1801,1140,29.010953608247423,18.36340206185567,27.89532495148596,30.152541896443168,17.41992145239481,19.346011386694055
Klebsiella pneumoniae,Imipenem,2021,58,6574,1933,1411,29.40371159111652,21.463340432004866,28.314646025713042,30.51683361767894,20.48768407845625,22.472327598798806
Klebsiella pneumoniae,Imipenem,2022,58,6138,1576,1133,25.676115998696645,18.45878136200717,24.598708009949863,26.783951083087885,17.508046779283937,19.448971307870178
Klebsiella pneumoniae,Imipenem,2023,56,5072,1401,1044,27.62223974763407,20.58359621451104,26.408999534608224,28.86935148529528,19.49336720999066,21.71835060648161
Klebsiella pneumoniae,Imipenem,2024,54,5292,1578,1195,29.81859410430839,22.58125472411187,28.601076650813578,31.065389639594294,21.47486598329853,23.727421083538392
Klebsiella pneumoniae,Meropenem,2007,37,2292,316,79,13.787085514834207,3.4467713787085517,12.436115625720594,15.259240095719642,2.774391107364619,4.274939681523012
Klebsiella pneumoniae,Meropenem,2008,41,3163,366,139,11.571293076193488,4.394562124565286,10.502837544028091,12.732978596092654,3.7338479617268105,5.165917387614345
Klebsiella pneumoniae,Meropenem,2009,45,3582,411,203,11.474036850921273,5.667225013958682,10.471344824508574,12.559273464240187,4.956450249584475,6.472985868193081
Klebsiella pneumoniae,Meropenem,2010,42,2839,388,160,13.66678407890102,5.635787249031349,12.452244363906884,14.979516081299177,4.845897858614876,6.545573087325051
Klebsiella pneumoniae,Meropenem,2011,28,1751,220,139,12.564249000571102,7.938320959451742,11.0932839082397,14.199112541008136,6.762217434313214,9.298575830173483
Klebsiella pneumoniae,Meropenem,2012,42,3616,467,288,12.914823008849558,7.964601769911504,11.86097449274569,14.047382806588432,7.126095066216497,8.892326331984748
Klebsiella pneumoniae,Meropenem,2013,49,5237,691,384,13.194577047928203,7.332442237922475,12.304897763823206,14.138211986963631,6.657298858779797,8.0701349872037
Klebsiella pneumoniae,Meropenem,2014,44,6224,863,544,13.865681233933161,8.740359897172237,13.029382399909897,14.746556828129757,8.06391972908248,9.467699629568399
Klebsiella pneumoniae,Meropenem,2015,48,5967,842,564,14.11094352270823,9.451985922574158,13.250697954351592,15.017368958181388,8.735568028543826,10.22057854856266
Klebsiella pneumoniae,Meropenem,2016,48,6565,1041,651,15.856816450875856,9.916222391469915,14.993231428016571,16.76033534470268,9.216513354011333,10.662813419314876
Klebsiella pneumoniae,Meropenem,2017,46,6151,1004,641,16.322549178995285,10.42106974475695,15.42003982189009,17.267097162564024,9.682066649789622,11.209478119051091
Klebsiella pneumoniae,Meropenem,2018,52,4303,862,652,20.032535440390426,15.152219381826633,18.86362090483597,21.254908540494817,14.1120046349248,16.25459862469018
Klebsiella pneumoniae,Meropenem,2019,51,5638,1242,970,22.02908832919475,17.20468251152891,20.966526204213654,23.129740537403077,16.241923411618085,18.212101449034634
Klebsiella pneumoniae,Meropenem,2020,56,6208,1425,1092,22.954252577319586,17.59020618556701,21.925055766986883,24.016900056246413,16.66322668804377,18.55727070108393
Klebsiella pneumoniae,Meropenem,2021,58,6574,1653,1346,25.14450867052023,20.474596896866444,24.110492925550272,26.207555624894695,19.51654720799998,21.467132251249517
Klebsiella pneumoniae,Meropenem,2022,58,6139,1377,1121,22.430363251343866,18.26030298094152,21.404357937981327,23.49085020483384,17.313821325819802,19.246481815258683
Klebsiella pneumoniae,Meropenem,2023,56,5072,1225,1038,24.152208201892744,20.465299684542586,22.99415361237407,25.349386640571737,19.377533001522483,21.597770811530776
Klebsiella pneumoniae,Meropenem,2024,54,5292,1394,1177,26.3416477702192,22.2411186696901,25.172334128675555,27.54528365745803,21.141032229763198,23.381476179046885
Pseudomonas aeruginosa,Cefepime,2008,42,3177,985,572,31.004091910607492,18.004406672961913,29.419564450299028,32.634501568838616,16.707240916389686,19.37885371236492
Pseudomonas aeruginosa,Cefepime,2009,45,3540,1077,646,30.423728813559322,18.24858757062147,28.93002684272186,31.95987141866289,17.010873400005032,19.5551376328903
Pseudomonas aeruginosa,Cefepime,2010,41,2780,874,500,31.43884892086331,17.985611510791365,29.73963248457506,33.189290901845744,16.60240212175458,19.457175036994492
Pseudomonas aeruginosa,Cefepime,2011,28,1864,458,228,24.570815450643778,12.231759656652361,22.670063979308015,26.576163770741918,10.82150040459033,13.797369502656823
Pseudomonas aeruginosa,Cefepime,2012,42,3004,643,188,21.40479360852197,6.25832223701731,19.975060879999198,22.907566960578926,5.446788594448191,7.181585075539767
Pseudomonas aeruginosa,Cefepime,2013,47,4246,962,240,22.656617993405558,5.652378709373528,21.42254010419768,23.94012759766193,4.997015483850785,6.3879141307931775
Pseudomonas aeruginosa,Cefepime,2014,44,5964,1426,220,23.910127431254192,3.6887994634473507,22.84462514840706,25.009217459956012,3.239469537500797,4.1977497968814825
Pseudomonas aeruginosa,Cefepime,2015,47,5732,1319,252,23.01116538729937,4.3963712491277045,21.93982775688966,24.118653423025386,3.8954757065340533,4.958350928435522
Pseudomonas aeruginosa,Cefepime,2016,50,6427,1420,306,22.09428971526373,4.7611638400497895,21.09682005765957,23.12509828741196,4.267037591643542,5.309336865170214
Pseudomonas aeruginosa,Cefepime,2017,46,6210,1354,239,21.80354267310789,3.848631239935588,20.794169730953563,22.84777827805415,3.3980139052159917,4.356311048419715
Pseudomonas aeruginosa,Cefepime,2018,53,5079,1125,677,22.15002953337271,13.329395550305177,21.0292909635829,23.31286444457779,12.42229246131489,14.291927720869122
Pseudomonas aeruginosa,Cefepime,2019,53,7655,1713,1058,22.377531025473548,13.821032005225343,21.45788594266345,23.32488541070544,13.066040230975423,14.612316478958437
Pseudomonas aeruginosa,Cefepime,2020,54,8151,1732,995,21.248926512084406,12.207091154459576,20.37452200982012,22.15041825213554,11.514151330680894,12.935636796886602
Pseudomonas aeruginosa,Cefepime,2021,57,8822,1932,1234,21.89979596463387,13.987757878032193,21.0491279876621,22.77492524133748,13.279619762359559,14.72724474289727
Pseudomonas aeruginosa,Cefepime,2022,58,8238,1594,948,19.349356639961155,11.507647487254188,18.51067205904851,20.216613278437308,10.83641378939012,12.21476316315148
Pseudomonas aeruginosa,Cefepime,2023,56,5876,1198,723,20.38801906058543,12.30428863172226,19.377409436426017,21.43732129446047,11.488935260653536,13.16889725021633
Pseudomonas aeruginosa,Cefepime,2024,55,4845,938,585,19.36016511867905,12.074303405572756,18.272037030741757,20.496841572228647,11.186754832685928,13.021944684294953
Pseudomonas aeruginosa,Ceftazidime avibactam,2012,33,1318,160,39,12.139605462822459,2.959028831562974,10.485612312354784,14.013653969519552,2.1720596661109544,4.019413469684811
Pseudomonas aeruginosa,Ceftazidime avibactam,2013,37,1970,365,167,18.527918781725887,8.47715736040609,16.87407966807145,20.304258822150587,7.326512310169471,9.789424601123468
Pseudomonas aeruginosa,Ceftazidime avibactam,2014,38,3936,815,370,20.70630081300813,9.40040650406504,19.469282013938415,22.000444011782154,8.527866885023288,10.352117667536524
Pseudomonas aeruginosa,Ceftazidime avibactam,2015,34,3585,630,326,17.573221757322177,9.093444909344491,16.36227117719569,18.85359091429934,8.195552126074887,10.078909600529384
Pseudomonas aeruginosa,Ceftazidime avibactam,2016,33,4030,638,354,15.831265508684863,8.784119106699752,14.736858930019054,16.990750394390524,7.948967610567981,9.697771015317505
Pseudomonas aeruginosa,Ceftazidime avibactam,2017,33,4195,659,338,15.709177592371871,8.057210965435042,14.639450255637303,16.841649275849953,7.2714346549800135,8.91973296799658
Pseudomonas aeruginosa,Ceftazidime avibactam,2018,53,5079,996,515,19.61015948021264,10.139791297499508,18.54135489309376,20.724899523658465,9.339532369773789,11.000300520874013
Pseudomonas aeruginosa,Ceftazidime avibactam,2019,53,7655,1409,691,18.406270411495754,9.026779882429784,17.554055987244116,19.290177882759508,8.405216646000714,9.689445141581004
Pseudomonas aeruginosa,Ceftazidime avibactam,2020,54,8151,1471,829,18.04686541528647,10.170531223162802,17.227094024514315,18.89674080043278,9.532998466176242,10.845588502221053
Pseudomonas aeruginosa,Ceftazidime avibactam,2021,57,8822,1508,870,17.093629562457494,9.861709362956246,16.322439188620802,17.893465016214126,9.25691941370969,10.501439797217103
Pseudomonas aeruginosa,Ceftazidime avibactam,2022,58,8238,1266,752,15.367807720320465,9.128429230395728,14.60519060388133,16.162708432889783,8.525391288559977,9.769567020871609
Pseudomonas aeruginosa,Ceftazidime avibactam,2023,56,5876,1045,619,17.78420694349898,10.534377127297482,16.827655189569864,18.782853588342853,9.775048139881855,11.34527402386858
Pseudomonas aeruginosa,Ceftazidime avibactam,2024,55,4845,756,466,15.603715170278639,9.618163054695563,14.609180965538219,16.652749780066483,8.819657979698706,10.480652553619985
Pseudomonas aeruginosa,Colistin,2018,53,5079,28,94,0.5512896239417208,1.85075802323292,0.3817030852773841,0.7956198610609495,1.5148438645419662,2.2594516820518598
Pseudomonas aeruginosa,Colistin,2019,53,7655,15,86,0.1959503592423253,1.123448726322665,0.11878824379397702,0.3230730873570796,0.9106518861256279,1.3852757651535006
Pseudomonas aeruginosa,Colistin,2020,54,8151,7,21,0.0858790332474543,0.2576370997423629,0.041606599993715646,0.17717703805477014,0.16857825624889855,0.39355969642839905
Pseudomonas aeruginosa,Colistin,2021,57,8822,30,34,0.3400589435502154,0.3854001360235774,0.23831237809078704,0.48503461515131235,0.27593665710758475,0.5380532514568227
Pseudomonas aeruginosa,Colistin,2022,58,8238,13,14,0.15780529254673464,0.16994416120417577,0.09224863933742676,0.26982407183753526,0.10126241391364964,0.2850767189098328
Pseudomonas aeruginosa,Colistin,2023,56,5876,10,15,0.17018379850238258,0.25527569775357384,0.09246891607810619,0.3130090034826017,0.1547658813100098,0.42078465109297825
Pseudomonas aeruginosa,Colistin,2024,55,4845,8,12,0.1651186790505676,0.2476780185758514,0.08369267626735706,0.3255073148892902,0.14174220878429616,0.43244564736939956
Pseudomonas aeruginosa,Meropenem,2007,37,2315,684,508,29.546436285097194,21.943844492440604,27.722991061260306,31.437649421611656,20.305176267428674,23.675469970428416
Pseudomonas aeruginosa,Meropenem,2008,42,3177,1098,815,34.56090651558074,25.653131885426504,32.92676879444987,36.232335401717506,24.164576037935532,27.200494493635247
Pseudomonas aeruginosa,Meropenem,2009,45,3540,1240,980,35.02824858757062,27.683615819209038,33.47373289417669,36.61522248610313,26.23447900662911,29.18113373001441
Pseudomonas aeruginosa,Meropenem,2010,41,2780,934,731,33.597122302158276,26.294964028776977,31.86504233737703,35.374471352948326,24.691997805712106,27.96335202306951
Pseudomonas aeruginosa,Meropenem,2011,28,1864,574,433,30.793991416309012,23.22961373390558,28.739570205661018,32.927411934672044,21.368759494551924,25.200581533454226
Pseudomonas aeruginosa,Meropenem,2012,42,3004,864,647,28.761651131824234,21.537949400798936,27.170898670827082,30.40665262403769,20.104745733010766,23.04385357280331
Pseudomonas aeruginosa,Meropenem,2013,47,4246,1207,905,28.4267545925577,21.314178049929346,27.089986472903092,29.80252310065711,20.10858996127405,22.571624733700112
Pseudomonas aeruginosa,Meropenem,2014,44,5964,1779,1397,29.82897384305835,23.42387659289068,28.681138304591226,31.002777285293593,22.366324765044077,24.515642159284635
Pseudomonas aeruginosa,Meropenem,2015,47,5732,1681,1302,29.32658757850663,22.714584787159804,28.16218083638092,30.518685484368486,21.648401554945305,23.81731568189188
Pseudomonas aeruginosa,Meropenem,2016,50,6427,1870,1474,29.096001244748717,22.93449509880193,27.998307515438004,30.2186689532565,21.923018994469693,23.97830632543659
Pseudomonas aeruginosa,Meropenem,2017,46,6210,1659,1258,26.714975845410628,20.25764895330113,25.62912388456347,27.82961787501686,19.276541156522146,21.27553078673157
Pseudomonas aeruginosa,Meropenem,2018,53,5079,1372,1057,27.01319157314432,20.81118330379996,25.809751936328617,28.251376687939743,19.71699724684844,21.949489421655073
Pseudomonas aeruginosa,Meropenem,2019,53,7655,2025,1594,26.453298497713913,20.822991508817765,25.47719494085312,27.45302277702223,19.928144336192023,21.747107410201654
Pseudomonas aeruginosa,Meropenem,2020,54,8151,2084,1625,25.567415041099252,19.936204146730464,24.632039068850915,26.52580967520059,19.0831296020678,20.817602683796228
Pseudomonas aeruginosa,Meropenem,2021,57,8822,2235,1680,25.334391294491045,19.043300838812062,24.43769110873668,26.25256295592773,18.23750623356127,19.876043330132905
Pseudomonas aeruginosa,Meropenem,2022,58,8238,1835,1406,22.274823986404467,17.067249332362223,21.38934823758697,23.186144717192285,16.270220755355705,17.89497731220827
Pseudomonas aeruginosa,Meropenem,2023,56,5876,1366,1042,23.24710687542546,17.733151803948264,22.184758675843426,24.34441184654368,16.777733380143225,18.730731830064116
Pseudomonas aeruginosa,Meropenem,2024,55,4845,1146,890,23.653250773993808,18.369453044375646,22.477835341031287,24.870412241785633,17.304281637485655,19.484742585520163
