Drug,Year,n,min_idx,max_idx,pct_left,pct_right,pct_exact
Amikacin,2004,5663.0,-1.0,6.0,2.2249690976514214,2.9666254635352285,94.80840543881335
Amikacin,2005,5163.0,-1.0,6.0,2.8278132868487313,3.621925237265156,93.55026147588612
Amikacin,2006,11640.0,-1.0,6.0,2.774914089347079,4.080756013745704,93.14432989690722
Amikacin,2007,15341.0,-1.0,6.0,3.6699041783456097,5.482041587901701,90.84805423375269
Amikacin,2008,20187.0,-1.0,6.0,4.919007281914103,5.934512309902413,89.14648040818348
Amikacin,2009,22751.0,-1.0,6.0,5.14702650432948,6.527185618214584,88.32578787745594
Amikacin,2010,17900.0,-1.0,6.0,5.871508379888268,5.553072625698324,88.57541899441341
Amikacin,2011,12503.0,-1.0,6.0,2.8633128049268177,2.9752859313764697,94.16140126369672
Amikacin,2012,21714.0,-2.0,6.0,1.3585705075066776,4.098738141291332,94.542691351202
Amikacin,2013,31351.0,-2.0,6.0,1.1897547127683328,4.315651813339287,94.49459347389238
Amikacin,2014,33255.0,-2.0,6.0,1.0765298451360699,5.181175763043151,93.74229439182078
Amikacin,2015,32008.0,-2.0,6.0,1.2184453886528368,4.817545613596601,93.96400899775057
Amikacin,2016,36163.0,-2.0,6.0,1.3577413378314853,4.360810773442469,94.28144788872605
Amikacin,2017,32905.0,-2.0,6.0,1.4769791824950615,2.914450691384288,95.60857012612065
Amikacin,2018,26734.0,-2.0,6.0,0.5461210443629835,7.155681903194434,92.29819705244259
Amikacin,2019,31541.0,-2.0,6.0,0.7799372245648521,9.200722868647158,90.01933990678799
Amikacin,2020,33301.0,-2.0,6.0,0.465451487943305,9.510224918170625,90.02432359388607
Amikacin,2021,36096.0,-2.0,6.0,0.4820478723404255,10.023271276595745,89.49468085106383
Amikacin,2022,33823.0,-2.0,6.0,0.4168760902344558,9.147621441031252,90.4355024687343
Amikacin,2023,26218.0,-2.0,6.0,0.45007246929590355,8.559005263559387,90.99092226714471
Amikacin,2024,25140.0,-2.0,6.0,0.5688146380270486,8.102625298329356,91.3285600636436
Amoxycillin clavulanate,2004,8287.0,-5.0,5.0,6.7817062869554725,33.075902015204534,60.14239169783999
Amoxycillin clavulanate,2005,7640.0,-5.0,5.0,6.19109947643979,33.18062827225131,60.6282722513089
Amoxycillin clavulanate,2006,16979.0,-5.0,5.0,5.530361034218741,34.97261322810531,59.497025737675955
Amoxycillin clavulanate,2007,22527.0,-5.0,5.0,5.708705109424247,32.51653571270032,61.77475917787544
Amoxycillin clavulanate,2008,29388.0,-5.0,5.0,5.648564039744113,34.52769838029128,59.823737579964614
Amoxycillin clavulanate,2009,33079.0,-5.0,5.0,5.241996432782128,35.013150337071856,59.74485323014601
Amoxycillin clavulanate,2010,26098.0,-5.0,5.0,5.0808491072112805,35.129128668863515,59.790022223925206
Amoxycillin clavulanate,2011,18337.0,-5.0,5.0,6.173310792386977,31.67366526694661,62.153023940666415
Amoxycillin clavulanate,2012,40345.0,-6.0,5.0,8.139794274383442,33.295327797744456,58.564877927872104
Amoxycillin clavulanate,2013,58059.0,-6.0,5.0,4.948414543826108,32.902736871113866,62.14884858506002
Amoxycillin clavulanate,2014,54420.0,-6.0,5.0,5.926130099228225,28.649393605292172,65.42447629547961
Amoxycillin clavulanate,2015,55894.0,-6.0,5.0,4.673131284216553,31.500697749311197,63.826170966472255
Amoxycillin clavulanate,2016,60419.0,-6.0,5.0,3.571724126516493,30.730399377679205,65.6978764958043
Amoxycillin clavulanate,2017,55764.0,-6.0,5.0,5.629079692991894,32.51380819166487,61.857112115343234
Amoxycillin clavulanate,2018,27952.0,-3.0,4.0,2.7618775042930737,52.23597595878649,45.002146536920435
Amoxycillin clavulanate,2019,32692.0,-3.0,4.0,3.138382478893919,50.18658999143521,46.67502752967087
Amoxycillin clavulanate,2020,34299.0,-1.0,4.0,13.618472841773812,49.67491763608268,36.7066095221435
Amoxycillin clavulanate,2021,36964.0,-1.0,4.0,12.133427118277243,50.257006817444,37.60956606427876
Amoxycillin clavulanate,2022,34307.0,-1.0,4.0,12.700032063427289,48.39828606406856,38.901681872504156
Amoxycillin clavulanate,2023,27110.0,-1.0,4.0,15.595721136112136,46.953153817779416,37.451125046108444
Amoxycillin clavulanate,2024,26014.0,-1.0,4.0,14.599830860305989,45.214115476282004,40.18605366341201
Ampicillin,2004,8283.0,-4.0,5.0,14.692744174815887,50.4889532777979,34.81830254738621
Ampicillin,2005,7633.0,-4.0,5.0,12.301847242237653,52.18131796148303,35.51683479627931
Ampicillin,2006,16913.0,-4.0,5.0,11.576893513865075,53.69833855614025,34.72476792999468
Ampicillin,2007,22449.0,-4.0,5.0,11.644171232571606,50.75059022673616,37.605238540692234
Ampicillin,2008,29386.0,-4.0,5.0,11.464643027291908,52.851698087524674,35.68365888518342
Ampicillin,2009,33079.0,-4.0,5.0,11.07651380029626,54.61773330511805,34.30575289458569
Ampicillin,2010,26098.0,-4.0,5.0,10.678979232125068,54.896926967583724,34.42409380029121
Ampicillin,2011,18337.0,-4.0,5.0,12.47750449910018,48.88476850084528,38.63772700005453
Ampicillin,2012,37764.0,-4.0,5.0,7.695159411079334,61.767821205380784,30.537019383539878
Ampicillin,2013,53902.0,-4.0,5.0,6.812363177618641,60.07940336165634,33.10823346072502
Ampicillin,2014,54929.0,-4.0,5.0,7.076407726337636,62.442425676782754,30.481166596879607
Ampicillin,2015,51847.0,-4.0,5.0,6.821995486720543,63.75296545605339,29.42503905722607
Ampicillin,2016,56424.0,-4.0,5.0,6.988161066212959,62.35821636183184,30.653622571955196
Ampicillin,2017,51318.0,-4.0,5.0,6.323317354534471,64.45106980007014,29.22561284539538
Ampicillin,2018,39056.0,-2.0,4.0,7.44827939369111,67.81288406390823,24.738836542400655
Ampicillin,2019,46452.0,-2.0,4.0,6.723068974425213,67.89158701455266,25.38534401102213
Ampicillin,2020,49071.0,-2.0,4.0,7.055083450510485,66.65036375863545,26.29455279085407
Ampicillin,2021,52037.0,-2.0,4.0,6.341641524300018,67.84595576224609,25.81240271345389
Ampicillin,2022,48951.0,-2.0,4.0,6.890564033421176,64.94657923229352,28.162856734285306
Ampicillin,2023,39238.0,-2.0,4.0,7.739945970742648,64.83510882307966,27.424945206177686
Ampicillin,2024,36824.0,-2.0,4.0,7.139365631110145,65.72072561373018,27.139908755159677
Ampicillin sulbactam,2012,145.0,-2.0,3.0,0.0,1.3793103448275863,98.62068965517241
Ampicillin sulbactam,2013,378.0,-5.0,3.0,0.5291005291005291,0.26455026455026454,99.2063492063492
Ampicillin sulbactam,2014,487.0,-5.0,3.0,0.2053388090349076,0.2053388090349076,99.58932238193019
Ampicillin sulbactam,2015,787.0,-5.0,3.0,0.12706480304955528,0.25412960609911056,99.61880559085134
Ampicillin sulbactam,2016,740.0,-5.0,3.0,1.0810810810810811,0.2702702702702703,98.64864864864865
Ampicillin sulbactam,2017,799.0,-5.0,3.0,0.5006257822277848,1.376720901126408,98.12265331664581
Ampicillin sulbactam,2018,42105.0,-3.0,6.0,12.20045125282033,23.284645529034556,64.51490321814511
Ampicillin sulbactam,2019,50494.0,-3.0,6.0,20.86980631362142,23.79688675882283,55.333306927555746
Ampicillin sulbactam,2020,52781.0,-3.0,5.0,20.501695685947595,25.920312233568897,53.577992080483504
Ampicillin sulbactam,2021,55623.0,-3.0,5.0,19.001132624993257,26.5681462704277,54.43072110457904
Ampicillin sulbactam,2022,51747.0,-3.0,5.0,19.22043789978163,25.715500415483024,55.06406168473535
Ampicillin sulbactam,2023,42062.0,-3.0,5.0,20.96191336598355,24.330749845466215,54.707336788550236
Ampicillin sulbactam,2024,39315.0,-3.0,5.0,20.409512908559073,23.530459112298104,56.06002797914282
Aztreonam,2012,10224.0,-6.0,7.0,7.942097026604069,4.293818466353677,87.76408450704226
Aztreonam,2013,15822.0,-6.0,7.0,6.7500948047023135,4.411578814309189,88.83832638098849
Aztreonam,2014,19479.0,-6.0,7.0,8.624672724472509,4.610092920581138,86.76523435494636
Aztreonam,2015,16581.0,-6.0,7.0,7.225137205234907,4.3905675170375735,88.38429527772752
Aztreonam,2016,19474.0,-6.0,7.0,6.475300400534046,4.066961076306871,89.45773852315908
Aztreonam,2017,19392.0,-6.0,7.0,10.081476897689768,5.7497937293729375,84.16872937293729
Aztreonam,2018,26734.0,-6.0,7.0,5.210593252038603,4.769207750430164,90.02019899753124
Aztreonam,2019,31541.0,-6.0,7.0,6.375828286991535,5.665641545924353,87.9585301670841
Aztreonam,2020,33301.0,-5.0,6.0,9.050779255878203,11.468124080357947,79.48109666376385
Aztreonam,2021,36096.0,-5.0,6.0,8.862477836879433,11.776928191489361,79.3605939716312
Aztreonam,2022,33823.0,-5.0,6.0,8.59769979008367,10.572687224669604,80.82961298524673
Aztreonam,2023,26218.0,-5.0,6.0,9.344724998092913,11.617972385384087,79.037302616523
Aztreonam,2024,25140.0,-5.0,6.0,11.201272871917263,11.949085123309468,76.84964200477327
Aztreonam avibactam,2012,10224.0,-6.0,7.0,23.082942097026603,0.7433489827856025,76.17370892018779
Aztreonam avibactam,2013,15822.0,-6.0,7.0,11.818986221716598,0.49298445202882063,87.68802932625458
Aztreonam avibactam,2014,19479.0,-6.0,7.0,22.085322655167104,0.3542276297551209,77.56044971507778
Aztreonam avibactam,2015,15986.0,-6.0,7.0,14.325034405104466,0.5004378831477543,85.17452771174779
Aztreonam avibactam,2016,18425.0,-6.0,7.0,13.888738127544098,0.40705563093622793,85.70420624151967
Aztreonam avibactam,2017,18608.0,-6.0,7.0,26.418744625967324,0.06986242476354257,73.51139294926914
Aztreonam avibactam,2018,24058.0,-6.0,7.0,11.734142488984952,0.4863247152714274,87.77953279574362
Aztreonam avibactam,2019,31541.0,-6.0,7.0,12.650201325259186,1.3062363273199962,86.04356234742082
Aztreonam avibactam,2020,33301.0,-6.0,6.0,10.630311402059998,3.360259451668118,86.00942914627188
Aztreonam avibactam,2021,36096.0,-6.0,6.0,10.53302304964539,3.4408244680851063,86.02615248226951
Aztreonam avibactam,2022,33823.0,-6.0,6.0,9.407799426425806,2.992046832037371,87.60015374153683
Aztreonam avibactam,2023,26218.0,-6.0,6.0,9.634602181707224,2.9941261728583415,87.37127164543443
Aztreonam avibactam,2024,25140.0,-6.0,6.0,10.747812251392205,2.8082736674622115,86.44391408114558
Cefepime,2004,5663.0,-1.0,5.0,60.58626169874625,5.226911530990641,34.18682677026311
Cefepime,2005,5163.0,-1.0,5.0,55.8396281231842,7.534379236877784,36.62599263993802
Cefepime,2006,11640.0,-1.0,5.0,55.20618556701031,8.59106529209622,36.202749140893474
Cefepime,2007,15341.0,-1.0,5.0,55.43967146861352,9.380092562414445,35.180235968972035
Cefepime,2008,20188.0,-1.0,5.0,52.08044382801664,9.926689122250842,37.99286704973252
Cefepime,2009,22751.0,-1.0,5.0,52.08562260999516,10.245703485561075,37.66867390444376
Cefepime,2010,17900.0,-1.0,5.0,52.52513966480447,12.268156424581006,35.20670391061452
Cefepime,2011,12503.0,-1.0,5.0,56.106534431736385,9.221786771174918,34.671678797088695
Cefepime,2012,21714.0,-3.0,5.0,54.22768720641061,12.931749101961868,32.84056369162752
Cefepime,2013,31351.0,-3.0,5.0,55.70157251762304,12.41427705655322,31.884150425823737
Cefepime,2014,33255.0,-3.0,5.0,48.93098782138024,13.688167192903324,37.380844985716436
Cefepime,2015,32008.0,-3.0,5.0,52.155711072231945,14.511997000749812,33.33229192701825
Cefepime,2016,36163.0,-3.0,5.0,50.477006885490695,13.793103448275861,35.72988966623344
Cefepime,2017,32905.0,-3.0,5.0,54.3412855189181,13.18340677708555,32.47530770399635
Cefepime,2018,26733.0,-3.0,5.0,43.17136123891819,14.936595219391762,41.89204354169004
Cefepime,2019,31541.0,-3.0,5.0,37.93475159316445,17.066675121270727,44.998573285564824
Cefepime,2020,33301.0,-3.0,5.0,38.11296958049308,15.51605056905198,46.370979850454944
Cefepime,2021,36096.0,-3.0,5.0,36.754765070921984,16.47828014184397,46.76695478723404
Cefepime,2022,33822.0,-3.0,5.0,38.324167701496066,14.428478505115013,47.24735379338892
Cefepime,2023,26218.0,-3.0,5.0,41.074834083454114,13.994202456327713,44.93096346021817
Cefepime,2024,25140.0,-3.0,5.0,44.31980906921241,14.86873508353222,40.81145584725537
Cefiderocol,2024,25140.0,-5.0,5.0,8.870326173428799,0.33810660302307083,90.79156722354813
Cefoperazone sulbactam,2018,29783.0,-4.0,6.0,9.915052210992847,5.530000335762012,84.55494745324513
Cefoperazone sulbactam,2019,35583.0,-4.0,6.0,8.161200573307479,7.618806733552539,84.21999269313999
Cefoperazone sulbactam,2020,37011.0,-4.0,6.0,6.506173840209668,7.181648699035422,86.31217746075491
Cefoperazone sulbactam,2021,39682.0,-4.0,6.0,5.528955193790636,7.940627992540699,86.53041681366867
Cefoperazone sulbactam,2022,36619.0,-4.0,6.0,4.2901226139435815,7.280373576558617,88.4295038094978
Cefoperazone sulbactam,2023,29042.0,-4.0,6.0,6.101508160595,8.181254734522415,85.71723710488259
Cefoperazone sulbactam,2024,27629.0,-4.0,6.0,8.20514676607912,8.509175142060878,83.28567809186
Cefoxitin,2005,7.0,1.0,4.0,57.142857142857146,0.0,42.857142857142854
Cefoxitin,2006,24.0,1.0,5.0,4.166666666666667,0.0,95.83333333333333
Cefoxitin,2007,750.0,1.0,5.0,21.333333333333332,3.2,75.46666666666667
Cefoxitin,2008,648.0,1.0,5.0,22.993827160493826,7.716049382716049,69.29012345679013
Cefoxitin,2009,830.0,1.0,5.0,29.27710843373494,3.0120481927710845,67.71084337349397
Cefoxitin,2010,687.0,1.0,5.0,36.82678311499272,7.714701601164483,55.45851528384279
Cefoxitin,2011,519.0,1.0,5.0,30.2504816955684,5.973025048169557,63.77649325626204
Cefoxitin,2012,446.0,1.0,5.0,34.75336322869955,5.829596412556054,59.417040358744394
Cefoxitin,2013,597.0,1.0,5.0,35.34338358458962,2.0100502512562812,62.6465661641541
Cefoxitin,2014,783.0,1.0,5.0,38.05874840357599,2.2988505747126435,59.642401021711365
Cefoxitin,2015,746.0,1.0,5.0,29.89276139410188,5.227882037533512,64.87935656836461
Cefoxitin,2016,646.0,1.0,5.0,32.5077399380805,4.024767801857585,63.46749226006192
Cefoxitin,2017,392.0,1.0,5.0,36.734693877551024,4.081632653061225,59.183673469387756
Cefoxitin,2018,300.0,1.0,5.0,40.0,2.0,58.0
Cefoxitin,2019,312.0,1.0,5.0,40.06410256410256,0.6410256410256411,59.294871794871796
Cefoxitin,2020,315.0,1.0,5.0,28.253968253968253,10.793650793650794,60.95238095238095
Cefoxitin,2021,186.0,1.0,5.0,13.978494623655914,8.064516129032258,77.95698924731182
Cefoxitin,2022,210.0,1.0,5.0,20.952380952380953,0.9523809523809523,78.0952380952381
Cefoxitin,2023,206.0,1.0,5.0,31.067961165048544,2.4271844660194173,66.50485436893204
Cefoxitin,2024,247.0,1.0,5.0,38.8663967611336,4.4534412955465585,56.68016194331984
Cefpodoxime,2021,1516.0,-3.0,4.0,12.532981530343008,50.989445910290236,36.477572559366756
Cefpodoxime,2022,33455.0,-3.0,4.0,10.68898520400538,52.114781049170524,37.19623374682409
Cefpodoxime,2023,25989.0,-3.0,4.0,12.012774635422678,50.979260456346914,37.007964908230406
Cefpodoxime,2024,25140.0,-3.0,4.0,10.75178997613365,48.60381861575179,40.64439140811456
Ceftaroline,2012,23080.0,-8.0,7.0,5.363951473136915,10.047660311958406,84.58838821490468
Ceftaroline,2013,34268.0,-8.0,7.0,7.056145675265554,11.045290066534376,81.89856425820007
Ceftaroline,2014,37826.0,-8.0,7.0,6.759900597472638,13.268651192301592,79.97144821022577
Ceftaroline,2015,32382.0,-8.0,7.0,4.366623432771292,11.484775492557594,84.14860107467112
Ceftaroline,2016,35386.0,-8.0,7.0,4.761770191601198,11.685412309953088,83.55281749844572
Ceftaroline,2017,35441.0,-8.0,7.0,5.626252080923225,10.755904178775994,83.61784374030078
Ceftaroline,2018,42105.0,-8.0,4.0,6.139413371333571,28.488303051894075,65.37228357677236
Ceftaroline,2019,50494.0,-8.0,4.0,5.063967996197568,30.865053273656276,64.07097873014615
Ceftaroline,2020,52781.0,-8.0,4.0,4.541406945681211,33.62384191280953,61.83475114150926
Ceftaroline,2021,55623.0,-8.0,4.0,2.957409704618593,35.391834313143846,61.65075598223756
Ceftaroline,2022,51749.0,-8.0,4.0,3.047401882161974,33.72045836634524,63.23213975149278
Ceftaroline,2023,42062.0,-8.0,4.0,4.933193856687747,32.0550615757691,63.011744567543154
Ceftaroline,2024,39315.0,-8.0,4.0,5.903599135190131,31.89113569884268,62.20526516596719
Ceftazidime,2004,1491.0,3.0,6.0,64.38631790744466,20.657276995305164,14.956405097250167
Ceftazidime,2005,1354.0,2.0,6.0,60.561299852289515,22.89512555391433,16.54357459379616
Ceftazidime,2006,3154.0,1.0,6.0,59.16296766011414,25.45973367152822,15.377298668357641
Ceftazidime,2007,4112.0,1.0,6.0,56.809338521400775,25.632295719844358,17.558365758754864
Ceftazidime,2008,5598.0,-3.0,6.0,53.715612718828154,26.3308324401572,19.953554841014647
Ceftazidime,2009,6310.0,-4.0,6.0,53.24881141045959,27.733755942947703,19.01743264659271
Ceftazidime,2010,12998.0,0.0,6.0,38.7598092014156,23.234343745191566,38.00584705339283
Ceftazidime,2011,12454.0,0.0,5.0,57.16235747550988,15.05540388630159,27.782238638188534
Ceftazidime,2012,34682.0,-6.0,7.0,18.640793495184823,23.908655786863502,57.45055071795168
Ceftazidime,2013,50173.0,-6.0,7.0,18.984314272616746,20.92759053674287,60.08809519064038
Ceftazidime,2014,52157.0,-6.0,7.0,16.049619418294764,20.229307667235464,63.72107291446977
Ceftazidime,2015,47809.0,-6.0,7.0,18.381476291074904,17.04490786253634,64.57361584638876
Ceftazidime,2016,52075.0,-6.0,7.0,18.185309649543928,15.537205952952473,66.2774843975036
Ceftazidime,2017,48954.0,-6.0,7.0,16.6830085386281,11.819258896106549,71.49773256526535
Ceftazidime,2018,27952.0,-6.0,7.0,0.3291356611333715,8.915283342873497,90.75558099599313
Ceftazidime,2019,32692.0,-6.0,7.0,0.3028263795423957,10.696806558179372,89.00036706227823
Ceftazidime,2020,34299.0,-5.0,6.0,1.352809119799411,14.612670923350535,84.03451995685005
Ceftazidime,2021,36964.0,-5.0,6.0,1.1903473650037875,14.73866464668326,84.07098798831295
Ceftazidime,2022,34307.0,-5.0,6.0,0.9094353921940129,13.959250298772846,85.13131430903314
Ceftazidime,2023,27110.0,-5.0,6.0,1.2467724087052747,14.34894872740686,84.40427886388787
Ceftazidime,2024,26014.0,-5.0,6.0,1.1032520950257554,14.380718074882756,84.51602983009148
Ceftazidime avibactam,2012,23080.0,-6.0,7.0,2.889948006932409,24.94800693240901,72.16204506065858
Ceftazidime avibactam,2013,34268.0,-6.0,7.0,1.9785222364888526,21.489436208707833,76.53204155480331
Ceftazidime avibactam,2014,37826.0,-6.0,7.0,1.8532226510865542,19.187860201977475,78.95891714693597
Ceftazidime avibactam,2015,32382.0,-6.0,7.0,3.180779445370885,14.680995614847754,82.13822493978137
Ceftazidime avibactam,2016,35386.0,-6.0,7.0,2.551856666478268,12.411688238286327,85.03645509523541
Ceftazidime avibactam,2017,35441.0,-6.0,7.0,5.0929714172850655,9.175813323551818,85.73121525916312
Ceftazidime avibactam,2018,27952.0,-6.0,7.0,4.747424155695478,2.697481396680023,92.5550944476245
Ceftazidime avibactam,2019,32692.0,-6.0,7.0,3.5390921326318368,4.643337819650068,91.81757004771809
Ceftazidime avibactam,2020,34299.0,-5.0,6.0,6.834018484503922,5.58616869296481,87.57981282253127
Ceftazidime avibactam,2021,36964.0,-5.0,6.0,5.784006059950221,6.030191537712369,88.18580240233742
Ceftazidime avibactam,2022,34306.0,-5.0,6.0,4.698886492158806,5.926077071066286,89.3750364367749
Ceftazidime avibactam,2023,27110.0,-5.0,6.0,5.8686831427517525,6.440427886388786,87.69088897085946
Ceftazidime avibactam,2024,26014.0,-5.0,6.0,5.516260475128777,6.934727454447605,87.54901207042361
Ceftolozane tazobactam,2017,18608.0,-6.0,5.0,0.048366294067067925,4.970980223559759,94.98065348237317
Ceftolozane tazobactam,2020,33301.0,-4.0,4.0,2.612534158133389,13.056664965016065,84.33080087685055
Ceftolozane tazobactam,2021,36096.0,-4.0,4.0,2.147052304964539,14.198249113475176,83.65469858156028
Ceftolozane tazobactam,2022,33822.0,-4.0,4.0,2.2056649518065163,12.79344805156407,85.00088699662942
Ceftolozane tazobactam,2023,26218.0,-4.0,4.0,2.162636356701503,12.987260660614846,84.85010298268365
Ceftolozane tazobactam,2024,25140.0,-4.0,4.0,1.988862370723946,13.154335719968179,84.85680190930788
Ceftriaxone,2004,8287.0,-5.0,6.0,32.243272595631716,19.97103897671051,47.785688427657774
Ceftriaxone,2005,7640.0,-5.0,6.0,30.327225130890053,21.75392670157068,47.91884816753927
Ceftriaxone,2006,16979.0,-5.0,6.0,27.940396960951762,21.697390894634548,50.36221214441369
Ceftriaxone,2007,22527.0,-5.0,6.0,28.610112309672836,22.79042926266258,48.59945842766458
Ceftriaxone,2008,29388.0,-5.0,6.0,25.302844698516402,25.49339866612223,49.20375663536137
Ceftriaxone,2009,33080.0,-5.0,6.0,24.474002418379687,27.551390568319228,47.97460701330109
Ceftriaxone,2010,26098.0,-5.0,6.0,23.273814085370528,29.73791095103073,46.98827496359874
Ceftriaxone,2011,18337.0,-5.0,6.0,27.218192725091345,22.969951464252603,49.81185581065605
Ceftriaxone,2012,28862.0,-6.0,6.0,19.503152934654562,29.60293811932645,50.89390894601899
Ceftriaxone,2013,40632.0,-6.0,6.0,19.420653671982674,26.065662531994487,54.51368379602284
Ceftriaxone,2014,38476.0,-8.0,6.0,20.267179540492776,26.083792494022248,53.649027965484976
Ceftriaxone,2015,39908.0,-6.0,6.0,20.8905482610003,27.986869800541246,51.12258193845845
Ceftriaxone,2016,60419.0,-6.0,6.0,26.269881990764496,28.95281285688277,44.77730515235274
Ceftriaxone,2017,55764.0,-6.0,6.0,28.269134208449895,25.93429452693494,45.79657126461517
Ceftriaxone,2018,4267.0,-6.0,2.0,42.93414576986173,0.3749707054136396,56.69088352472463
Ceftriaxone,2019,5193.0,-6.0,2.0,35.52859618717504,0.32736375890621994,64.14404005391874
Ceftriaxone,2020,4708.0,-6.0,2.0,34.60067969413764,0.2973661852166525,65.10195412064571
Ceftriaxone,2021,4454.0,-6.0,2.0,31.656937584193983,1.055231252806466,67.28783116299955
Ceftriaxone,2022,3282.0,-6.0,2.0,29.40280316879951,0.3351614868982328,70.26203534430225
Ceftriaxone,2023,3716.0,-6.0,2.0,38.99354144241119,0.45748116254036597,60.54897739504844
Ceftriaxone,2024,3363.0,-6.0,2.0,38.358608385370204,0.29735355337496283,61.344038061254835
Ciprofloxacin,2014,68.0,-10.0,0.0,2.9411764705882355,66.17647058823529,30.88235294117647
Ciprofloxacin,2018,26732.0,-3.0,2.0,52.86922040999551,25.766871165644172,21.363908424360318
Ciprofloxacin,2019,31541.0,-3.0,2.0,50.597634824514124,27.224881899749533,22.177483275736343
Ciprofloxacin,2020,33301.0,-4.0,2.0,37.74060839013843,26.11332993003213,36.14606167982944
Ciprofloxacin,2021,36096.0,-4.0,2.0,36.04277482269504,26.21343085106383,37.74379432624114
Ciprofloxacin,2022,33820.0,-4.0,2.0,37.70254287403903,23.086930810171495,39.21052631578947
Ciprofloxacin,2023,26218.0,-4.0,2.0,40.13273323670761,24.19330231138912,35.673964451903274
Ciprofloxacin,2024,25140.0,-4.0,2.0,42.80827366746221,23.906125696101828,33.28560063643596
Colistin,2014,18992.0,-4.0,3.0,0.1948188711036226,12.278854254422916,87.52632687447347
Colistin,2015,16581.0,-4.0,3.0,0.024123997346360292,11.682045714974972,88.29383028767867
Colistin,2016,19474.0,-4.0,3.0,0.3645886823456917,11.74386361302249,87.89154770463182
Colistin,2017,19392.0,-4.0,3.0,0.07735148514851485,12.783622112211221,87.13902640264027
Colistin,2018,26734.0,-4.0,3.0,1.4662975985636268,13.252786713548291,85.28091568788808
Colistin,2019,31541.0,-4.0,3.0,0.1521828730858248,11.562727878000063,88.28508924891412
Colistin,2020,33300.0,-3.0,3.0,25.615615615615617,10.861861861861861,63.52252252252252
Colistin,2021,36096.0,-3.0,3.0,15.65270390070922,10.71309840425532,73.63419769503547
Colistin,2022,33824.0,-3.0,3.0,31.007568590350047,10.368377483443709,58.624053926206244
Colistin,2023,26218.0,-3.0,3.0,37.00129681897933,10.931421161034404,52.067282019986266
Colistin,2024,25140.0,-3.0,3.0,44.47891805887033,11.782020684168655,43.739061256961016
Doripenem,2012,23080.0,-7.0,3.0,8.05892547660312,16.54679376083189,75.39428076256499
Doripenem,2013,34267.0,-7.0,3.0,8.357895351212537,14.597134269121895,77.04497037966557
Doripenem,2014,37826.0,-7.0,3.0,8.174271664992334,13.80003172421086,78.0256966107968
Doripenem,2015,32382.0,-7.0,3.0,8.501636711753443,11.064789080353282,80.43357420789327
Doripenem,2016,35386.0,-7.0,3.0,7.596224495563217,9.088340021477421,83.31543548295936
Doripenem,2017,35441.0,-7.0,3.0,9.404362179396744,7.324849750289213,83.27078807031404
Ertapenem,2012,23080.0,-9.0,4.0,3.362218370883882,24.40641247833622,72.2313691507799
Ertapenem,2013,34268.0,-9.0,4.0,1.076806349947473,23.73643048908603,75.18676316096649
Gentamicin,2014,11920.0,-3.0,5.0,75.04194630872483,14.823825503355705,10.134228187919463
Gentamicin,2015,10967.0,-4.0,5.0,7.267256314397739,12.437311935807422,80.29543174979484
Gentamicin,2016,11177.0,-4.0,5.0,3.7845575735886197,12.319942739554442,83.89549968685694
Gentamicin,2017,10804.0,-4.0,5.0,8.737504627915587,9.838948537578675,81.42354683450574
Gentamicin,2018,37838.0,-3.0,4.0,18.801205137692268,18.417992494317883,62.78080236798985
Gentamicin,2019,45306.0,-3.0,4.0,20.301946762018275,20.167306758486735,59.53074647949499
Gentamicin,2020,48073.0,-3.0,4.0,20.685207912965698,18.727768185883967,60.58702390115033
Gentamicin,2021,51169.0,-3.0,4.0,20.305262952178076,18.657781078387305,61.036955969434615
Gentamicin,2022,48467.0,-3.0,4.0,20.774960282253904,17.180762168073123,62.04427754967298
Gentamicin,2023,38346.0,-3.0,4.0,22.062275074323267,16.995253742241694,60.94247118343504
Gentamicin,2024,35952.0,-3.0,4.0,19.23676012461059,17.44270137961727,63.32053849577214
Imipenem,2004,7835.0,-4.0,4.0,12.71218889597958,4.773452456924058,82.51435864709636
Imipenem,2005,6964.0,-4.0,4.0,13.569787478460654,4.954049396898334,81.476163124641
Imipenem,2006,10275.0,-4.0,4.0,39.74695863746959,5.771289537712895,54.481751824817515
Imipenem,2007,579.0,-4.0,4.0,58.203799654576855,2.763385146804836,39.03281519861831
Imipenem,2008,28.0,-4.0,4.0,64.28571428571429,7.142857142857143,28.571428571428573
Imipenem,2012,10224.0,-5.0,3.0,0.11737089201877934,6.748826291079812,93.13380281690141
Imipenem,2013,15822.0,-5.0,3.0,0.2591328529895083,7.1103526734926055,92.63051447351789
Imipenem,2014,19479.0,-5.0,3.0,0.19508188305354485,10.185327788900867,89.61959032804559
Imipenem,2015,17368.0,-5.0,3.0,0.08060801473975127,9.131736526946108,90.78765545831413
Imipenem,2016,20214.0,-5.0,3.0,0.2127238547541308,8.533689522113386,91.25358662313248
Imipenem,2017,20191.0,-5.0,3.0,0.12877024416819374,6.621762171264424,93.24946758456738
Imipenem,2018,26734.0,-4.0,3.0,0.7742949053639561,11.880002992444078,87.34570210219196
Imipenem,2019,31541.0,-4.0,3.0,0.8623696141530072,16.099679781871217,83.03795060397577
Imipenem,2020,33301.0,-4.0,3.0,0.6846641242004745,16.684183658148402,82.63115221765112
Imipenem,2021,36096.0,-4.0,3.0,0.7396941489361702,17.364804964539008,81.89550088652483
Imipenem,2022,33820.0,-4.0,3.0,0.8279124778237729,15.461265523358959,83.71082199881727
Imipenem,2023,26218.0,-4.0,3.0,0.7094362651613395,14.905789915325348,84.38477381951331
Imipenem,2024,25140.0,-4.0,3.0,0.6801909307875895,14.431185361972952,84.88862370723946
Levofloxacin,2004,8287.0,-7.0,5.0,3.8494026788946543,8.133220707131652,88.0173766139737
Levofloxacin,2005,7640.0,-7.0,5.0,3.6518324607329844,10.903141361256544,85.44502617801047
Levofloxacin,2006,16979.0,-7.0,5.0,3.280522998998763,12.097296660580717,84.62218034042051
Levofloxacin,2007,22527.0,-7.0,5.0,3.205042837483908,12.518311359701691,84.2766458028144
Levofloxacin,2008,29388.0,-7.0,5.0,1.8987341772151898,14.907445215734313,83.1938206070505
Levofloxacin,2009,33080.0,-7.0,5.0,1.7956469165659008,14.891172914147521,83.31318016928658
Levofloxacin,2010,26098.0,-7.0,5.0,1.3564257797532377,16.514675454057784,82.12889876618898
Levofloxacin,2011,18337.0,-7.0,5.0,3.2938866772100126,12.21573867044773,84.49037465234225
Levofloxacin,2012,40345.0,-8.0,5.0,5.676044119469575,22.721526831081917,71.6024290494485
Levofloxacin,2013,58059.0,-8.0,5.0,6.949826900222188,21.48159630720474,71.56857679257307
Levofloxacin,2014,59378.0,-8.0,5.0,4.8957526356563035,22.592542692579745,72.51170467176395
Levofloxacin,2015,55894.0,-8.0,5.0,1.1253444019036032,17.762192721937954,81.11246287615845
Levofloxacin,2016,60419.0,-8.0,5.0,1.153610619176087,16.897002598520334,81.94938678230358
Levofloxacin,2017,55764.0,-8.0,5.0,8.844415752098127,16.214762212179902,74.94082203572196
Levofloxacin,2018,42102.0,-8.0,3.0,32.00085506626763,20.034677687520784,47.96446724621158
Levofloxacin,2019,50494.0,-8.0,3.0,29.13019368637858,20.947043213055018,49.92276310056641
Levofloxacin,2020,52781.0,-8.0,3.0,28.92328678880658,20.51685265531157,50.559860555881855
Levofloxacin,2021,55622.0,-8.0,3.0,28.857286685124592,20.409190608032795,50.733522706842614
Levofloxacin,2022,51746.0,-8.0,3.0,30.533761063657096,19.300042515363508,50.1661964209794
Levofloxacin,2023,42062.0,-8.0,3.0,29.996196091484,19.60677095715848,50.39703295135752
Levofloxacin,2024,39315.0,-8.0,3.0,32.008139387002416,19.799058883377846,48.19280172961974
Meropenem,2004,452.0,-4.0,4.0,63.49557522123894,4.424778761061947,32.07964601769911
Meropenem,2005,692.0,-4.0,4.0,59.39306358381503,5.635838150289017,34.971098265895954
Meropenem,2006,6754.0,-4.0,4.0,48.77109860823216,7.5362748001184485,43.69262659164939
Meropenem,2007,23236.0,-4.0,4.0,53.31812704424169,6.16285074883801,40.5190222069203
Meropenem,2008,30637.0,-4.0,4.0,56.32405261611777,7.275516532297549,36.40043085158469
Meropenem,2009,34724.0,-4.0,4.0,58.51572399493146,7.890795991245248,33.59348001382329
Meropenem,2010,27471.0,-4.0,4.0,59.11324669651633,8.099450329438318,32.78730297404536
Meropenem,2011,19372.0,-4.0,4.0,56.48874664464175,6.540367540780508,36.97088581457774
Meropenem,2012,41236.0,-8.0,4.0,24.357357648656514,12.828596372102046,62.81404597924144
Meropenem,2013,59188.0,-8.0,4.0,23.46421571940258,11.5952557950936,64.94052848550382
Meropenem,2014,60863.0,-8.0,4.0,23.229219722984407,12.442699176839788,64.32808110017581
Meropenem,2015,57408.0,-8.0,4.0,23.554208472686735,10.738921404682275,65.70687012263099
Meropenem,2016,61482.0,-8.0,4.0,20.91994404866465,9.477570671090726,69.60248528024462
Meropenem,2017,56412.0,-8.0,4.0,19.545486775863292,7.907891937885556,72.54662128625115
Meropenem,2018,31586.0,-6.0,4.0,57.506490217184826,8.28215031976192,34.21135946305325
Meropenem,2019,37832.0,-6.0,4.0,51.80534996828082,10.890251638824276,37.3043983928949
Meropenem,2020,39049.0,-6.0,4.0,51.660733949653,10.691695049809214,37.64757100053779
Meropenem,2021,41264.0,-6.0,4.0,50.49922450562234,11.765703761147732,37.73507173322994
Meropenem,2022,37838.0,-6.0,4.0,52.99698715576933,10.558169036418416,36.444843807812255
Meropenem,2023,30595.0,-6.0,4.0,55.51233861742115,10.060467396633436,34.427193985945415
Meropenem,2024,29150.0,-6.0,4.0,58.81303602058319,9.753001715265865,31.433962264150942
Meropenem vaborbactam,2020,33301.0,-4.0,4.0,55.9502717636107,11.43208912645266,32.61763910993664
Meropenem vaborbactam,2021,36096.0,-4.0,4.0,54.88696808510638,12.051196808510639,33.06183510638298
Meropenem vaborbactam,2022,33823.0,-4.0,4.0,56.05948614847885,10.97773704284067,32.96277680868048
Meropenem vaborbactam,2023,26218.0,-4.0,4.0,58.92898009001449,10.725455793729498,30.345564116256007
Meropenem vaborbactam,2024,25140.0,-4.0,4.0,63.43277645186953,10.031821797931583,26.535401750198886
Minocycline,2004,8287.0,-2.0,4.0,34.7290937613129,10.027754313985762,55.24315192470134
Minocycline,2005,7640.0,-2.0,4.0,33.96596858638743,9.973821989528796,56.06020942408377
Minocycline,2006,16979.0,-2.0,4.0,32.35761823428942,11.785146357264857,55.857235408445725
Minocycline,2007,22525.0,-2.0,4.0,29.78912319644839,11.054384017758046,59.15649278579356
Minocycline,2008,29386.0,-2.0,4.0,23.555434560675153,14.166609950316477,62.27795548900837
Minocycline,2009,33071.0,-2.0,4.0,22.68755102657918,15.173414774273533,62.13903419914729
Minocycline,2010,26098.0,-2.0,4.0,23.224001839221398,16.445704651697447,60.33029350908116
Minocycline,2011,18337.0,-2.0,4.0,28.974205158968207,10.383377869880569,60.64241697115123
Minocycline,2012,30266.0,-6.0,4.0,28.71539020683275,11.111478226392652,60.1731315667746
Minocycline,2013,42615.0,-6.0,4.0,38.24474950134929,10.271031326997536,51.48421917165317
Minocycline,2014,40386.0,-6.0,4.0,40.11291041450007,10.122319615708413,49.76476996979151
Minocycline,2015,39313.0,-6.0,4.0,45.567623941189936,8.195762216060846,46.236613842749215
Minocycline,2016,40945.0,-6.0,4.0,45.11417755525705,7.703016241299304,47.18280620344365
Minocycline,2017,36372.0,-6.0,4.0,43.11008468052348,7.761464863081491,49.12845045639503
Piperacillin tazobactam,2004,8287.0,-4.0,7.0,19.56075781344274,8.290092916616388,72.14914926994088
Piperacillin tazobactam,2005,7656.0,-4.0,7.0,18.39080459770115,8.908045977011493,72.70114942528735
Piperacillin tazobactam,2006,17032.0,-4.0,7.0,16.844762799436356,11.167214654767497,71.98802254579614
Piperacillin tazobactam,2007,23815.0,-4.0,7.0,17.719924417384,10.728532437539366,71.55154314507664
Piperacillin tazobactam,2008,30664.0,-4.0,7.0,15.099139055570049,13.373989042525437,71.52687190190451
Piperacillin tazobactam,2009,34714.0,-4.0,7.0,14.106700466670507,13.91369476291986,71.97960477040964
Piperacillin tazobactam,2010,27471.0,-4.0,7.0,14.72825889119435,13.526992100760802,71.74474900804485
Piperacillin tazobactam,2011,19372.0,-4.0,7.0,18.459632459219492,9.601486681808796,71.93888085897171
Piperacillin tazobactam,2012,38655.0,-6.0,7.0,14.655283921872979,17.63290648040357,67.71180959772344
Piperacillin tazobactam,2013,55031.0,-6.0,7.0,12.069560793007577,16.806890661627083,71.12354854536534
Piperacillin tazobactam,2014,56414.0,-6.0,7.0,12.567802318573404,16.549083560818236,70.88311412060835
Piperacillin tazobactam,2015,53361.0,-6.0,7.0,11.555255711099868,16.2778058881955,72.16693840070464
Piperacillin tazobactam,2016,57487.0,-6.0,7.0,10.882460382347313,14.088402595369388,75.0291370222833
Piperacillin tazobactam,2017,51966.0,-6.0,7.0,11.549859523534618,12.000153946811377,76.449986529654
Piperacillin tazobactam,2018,31587.0,-5.0,6.0,14.56611897299522,14.448982176211732,70.98489885079304
Piperacillin tazobactam,2019,37832.0,-5.0,6.0,12.98371748784098,17.953055614294776,69.06322689786424
Piperacillin tazobactam,2020,39049.0,-5.0,6.0,17.10415119465287,17.378165894133012,65.51768291121411
Piperacillin tazobactam,2021,41264.0,-5.0,6.0,15.238464521132222,18.078712679333076,66.6828227995347
Piperacillin tazobactam,2022,37838.0,-5.0,6.0,14.628151593636026,17.154712194090596,68.21713621227337
Piperacillin tazobactam,2023,30595.0,-5.0,6.0,17.450563817617258,16.198725281908807,66.35071090047393
Piperacillin tazobactam,2024,29150.0,-5.0,6.0,17.495711835334475,15.718696397941681,66.78559176672384
Tetracycline,2014,68.0,-2.0,2.0,0.0,25.0,75.0
Tigecycline,2004,8287.0,-7.0,4.0,0.265476046820321,1.2791118619524557,98.45541209122722
Tigecycline,2005,7656.0,-7.0,4.0,0.4049111807732497,1.7241379310344827,97.87095088819227
Tigecycline,2006,17032.0,-7.0,4.0,0.4873179896665101,1.279943635509629,98.23273837482387
Tigecycline,2007,23815.0,-7.0,4.0,2.5614108754986353,0.8817971866470712,96.5567919378543
Tigecycline,2008,30665.0,-7.0,4.0,1.8066199249959236,0.8348279797815099,97.35855209522256
Tigecycline,2009,34724.0,-7.0,5.0,2.47667319433245,0.8668356180163576,96.6564911876512
Tigecycline,2010,27471.0,-7.0,5.0,2.839357868297477,2.0093917221797533,95.15125040952277
Tigecycline,2011,19372.0,-7.0,4.0,2.8494734668593846,2.932066900681396,94.21845963245921
Tigecycline,2012,41236.0,-7.0,5.0,1.5374915122708313,3.0167814530992336,95.44572703462994
Tigecycline,2013,59188.0,-7.0,4.0,1.2418057714401567,3.3959586402649187,95.36223558829492
Tigecycline,2014,60863.0,-7.0,5.0,1.8303402724150961,4.679361845456189,93.49029788212871
Tigecycline,2015,57408.0,-7.0,5.0,1.5433389074693422,4.00466833890747,94.45199275362319
Tigecycline,2016,61482.0,-7.0,5.0,1.9013695065222342,3.2562375979961615,94.84239289548161
Tigecycline,2017,56412.0,-7.0,4.0,0.797702616464582,4.2490959370346735,94.95320144650074
Tigecycline,2018,42691.0,-7.0,3.0,1.574102269799255,3.5065938956688765,94.91930383453187
Tigecycline,2019,51586.0,-7.0,4.0,1.9055557709456055,4.142596828596906,93.9518474004575
Tigecycline,2020,53821.0,-7.0,5.0,1.2430092343137438,5.031493283290909,93.72549748239535
Tigecycline,2021,56336.0,-7.0,4.0,0.7206759443339961,4.911601817665436,94.36772223800057
Tigecycline,2022,52480.0,-7.0,3.0,0.8860518292682927,4.496951219512195,94.6169969512195
Tigecycline,2023,42723.0,-7.0,4.0,1.1047913301968495,4.072747700301945,94.82246096950121
Tigecycline,2024,39962.0,-7.0,4.0,0.6931585005755467,2.7426054752014415,96.564236024223
Trimethoprim sulfa,2014,11920.0,-2.0,2.0,88.54026845637584,7.030201342281879,4.429530201342282
Trimethoprim sulfa,2015,10967.0,-2.0,2.0,85.77550834321146,6.7383970092094465,7.486094647579101
Trimethoprim sulfa,2016,11177.0,-2.0,2.0,84.01180996689631,6.289702066744207,9.698487966359489
Trimethoprim sulfa,2017,10804.0,-2.0,2.0,84.57052943354313,7.238059977786005,8.191410588670863
Trimethoprim sulfa,2018,37837.0,-5.0,5.0,37.286254195628615,25.771070645135715,36.94267515923567
Trimethoprim sulfa,2019,45306.0,-5.0,5.0,34.183110404802896,24.974617048514546,40.84227254668256
Trimethoprim sulfa,2020,48073.0,-5.0,5.0,34.998855906641985,24.335905809914088,40.66523828344393
Trimethoprim sulfa,2021,51169.0,-5.0,5.0,34.9117629814927,21.387949735191228,43.70028728331607
Trimethoprim sulfa,2022,48466.0,-5.0,5.0,36.961993975157846,21.280897949077705,41.75710807576446
Trimethoprim sulfa,2023,38346.0,-5.0,5.0,36.64789026234809,23.094977311844783,40.25713242580712
Trimethoprim sulfa,2024,35952.0,-5.0,5.0,38.161993769470406,22.215732087227416,39.62227414330218
